weather,mood,action,explanation
gió to,buồn,0,"Bạn đang buồn, thời tiết gió to không lý tưởng – hãy nghỉ ngơi và chăm sóc bản thân."
mưa,không muốn,0,"Bạn không muốn đi và trời mưa, nghỉ ngơi là hợp lý."
nhiều mây,muốn,0,"Bạn muốn đi nhưng thời tiết nhiều mây không thuận lợi, nên ở nhà nghỉ ngơi."
gió to,không muốn,0,"Bạn không muốn đi và trời gió to, nghỉ ngơi là hợp lý."
nắng,vui,1,"Trời nắng và bạn vui vẻ – hãy tận hưởng ngày đẹp trời!"
nắng,muốn,1,"Thời tiết nắng và bạn muốn đi – hãy tận hưởng!"
mưa,muốn,0,"Bạn muốn đi nhưng trời mưa không thuận lợi, nên ở nhà nghỉ ngơi."
gió to,buồn,0,"Bạn đang buồn, thời tiết gió to không lý tưởng – hãy nghỉ ngơi và chăm sóc bản thân."
nắng,buồn,0,"Bạn đang buồn, thời tiết nắng không lý tưởng – hãy nghỉ ngơi và chăm sóc bản thân."
nhiều mây,không muốn,0,"Bạn không muốn đi và trời nhiều mây, nghỉ ngơi là hợp lý."
mưa,chán,0,"Bạn đang chán, thời tiết mưa không lý tưởng – hãy nghỉ ngơi và chăm sóc bản thân."
nắng,muốn,1,"Thời tiết nắng và bạn muốn đi – hãy tận hưởng!"
nhiều mây,vui,1,"Tâm trạng bạn đang vui và trời nhiều mây – một dịp tốt để ra ngoài thư giãn!"
gió to,không muốn,0,"Bạn không muốn đi và trời gió to, nghỉ ngơi là hợp lý."
mưa,buồn,0,"Bạn đang buồn, thời tiết mưa không lý tưởng – hãy nghỉ ngơi và chăm sóc bản thân."
gió to,muốn,0,"Bạn muốn đi nhưng thời tiết gió to không thuận lợi, nên ở nhà nghỉ ngơi."
nắng,muốn,1,"Thời tiết nắng và bạn muốn đi – hãy tận hưởng!"
nhiều mây,buồn,0,"Bạn đang buồn, thời tiết nhiều mây không lý tưởng – hãy nghỉ ngơi và chăm sóc bản thân."
mưa,không muốn,0,"Bạn không muốn đi và trời mưa, nghỉ ngơi là hợp lý."
gió to,muốn,0,"Bạn muốn đi nhưng thời tiết gió to không thuận lợi, nên ở nhà nghỉ ngơi."
gió to,buồn,0,"Bạn đang buồn, thời tiết gió to không lý tưởng – hãy nghỉ ngơi và chăm sóc bản thân."
nhiều mây,không muốn,0,"Bạn không muốn đi và trời nhiều mây, nghỉ ngơi là hợp lý."
mưa,vui,0,"Dù bạn đang vui, nhưng trời mưa không thuận lợi để đi ra ngoài."
nhiều mây,rất muốn,0,"Dù bạn rất muốn đi, nhưng trời nhiều mây không phù hợp – nên cân nhắc."
gió to,buồn,0,"Bạn đang buồn, thời tiết gió to không lý tưởng – hãy nghỉ ngơi và chăm sóc bản thân."
nắng,rất muốn,1,"Trời nắng và bạn rất muốn đi – thật lý tưởng!"
nhiều mây,vui,1,"Tâm trạng bạn đang vui và trời nhiều mây – một dịp tốt để ra ngoài thư giãn!"
mưa,không muốn,0,"Bạn không muốn đi và trời mưa, nghỉ ngơi là hợp lý."
mưa,chán,0,"Bạn đang chán, thời tiết mưa không lý tưởng – hãy nghỉ ngơi và chăm sóc bản thân."
nắng,vui,1,"Trời nắng và bạn vui vẻ – hãy tận hưởng ngày đẹp trời!"
gió to,buồn,0,"Bạn đang buồn, thời tiết gió to không lý tưởng – hãy nghỉ ngơi và chăm sóc bản thân."
gió to,muốn,0,"Bạn muốn đi nhưng thời tiết gió to không thuận lợi, nên ở nhà nghỉ ngơi."
mưa,muốn,0,"Bạn muốn đi nhưng thời tiết mưa không thuận lợi, nên ở nhà nghỉ ngơi."
mưa,vui,0,"Dù bạn đang vui, nhưng trời mưa không thuận lợi để đi ra ngoài."
nhiều mây,không muốn,0,"Bạn không muốn đi và trời nhiều mây, nghỉ ngơi là hợp lý."
nhiều mây,muốn,0,"Bạn muốn đi nhưng thời tiết nhiều mây không thuận lợi, nên ở nhà nghỉ ngơi."
gió to,vui,0,"Dù bạn đang vui, nhưng trời gió to không thuận lợi để đi ra ngoài."
nhiều mây,chán,0,"Bạn đang chán, thời tiết nhiều mây không lý tưởng – hãy nghỉ ngơi và chăm sóc bản thân."
gió to,không muốn,0,"Bạn không muốn đi và trời gió to, nghỉ ngơi là hợp lý."
mưa,buồn,0,"Bạn đang buồn, thời tiết mưa không lý tưởng – hãy nghỉ ngơi và chăm sóc bản thân."
nhiều mây,vui,1,"Tâm trạng bạn đang vui và trời nhiều mây – một dịp tốt để ra ngoài thư giãn!"
nắng,chán,0,"Bạn đang chán, thời tiết nắng không lý tưởng – hãy nghỉ ngơi và chăm sóc bản thân."
mưa,vui,0,"Dù bạn đang vui, nhưng trời mưa không thuận lợi để đi ra ngoài."
mưa,chán,0,"Bạn đang chán, thời tiết mưa không lý tưởng – hãy nghỉ ngơi và chăm sóc bản thân."
gió to,không muốn,0,"Bạn không muốn đi và trời gió to, nghỉ ngơi là hợp lý."
nắng,rất muốn,1,"Trời nắng và bạn rất muốn đi – thật lý tưởng!"
mưa,không muốn,0,"Bạn không muốn đi và trời mưa, nghỉ ngơi là hợp lý."
gió to,buồn,0,"Bạn đang buồn, thời tiết gió to không lý tưởng – hãy nghỉ ngơi và chăm sóc bản thân."
gió to,không muốn,0,"Bạn không muốn đi và trời gió to, nghỉ ngơi là hợp lý."
nhiều mây,rất muốn,0,"Dù bạn rất muốn đi, nhưng trời nhiều mây không phù hợp – nên cân nhắc."
nắng,không muốn,0,"Bạn không muốn đi và trời nắng, nghỉ ngơi là hợp lý."
gió to,chán,0,"Bạn đang chán, thời tiết gió to không lý tưởng – hãy nghỉ ngơi và chăm sóc bản thân."
mưa,không muốn,0,"Bạn không muốn đi và trời mưa, nghỉ ngơi là hợp lý."
nhiều mây,buồn,0,"Bạn đang buồn, thời tiết nhiều mây không lý tưởng – hãy nghỉ ngơi và chăm sóc bản thân."
nhiều mây,muốn,0,"Bạn muốn đi nhưng thời tiết nhiều mây không thuận lợi, nên ở nhà nghỉ ngơi."
gió to,muốn,0,"Bạn muốn đi nhưng thời tiết gió to không thuận lợi, nên ở nhà nghỉ ngơi."
gió to,vui,0,"Dù bạn đang vui, nhưng trời gió to không thuận lợi để đi ra ngoài."
mưa,muốn,0,"Bạn muốn đi nhưng thời tiết mưa không thuận lợi, nên ở nhà nghỉ ngơi."
nhiều mây,rất muốn,0,"Dù bạn rất muốn đi, nhưng trời nhiều mây không phù hợp – nên cân nhắc."
gió to,buồn,0,"Bạn đang buồn, thời tiết gió to không lý tưởng – hãy nghỉ ngơi và chăm sóc bản thân."
nhiều mây,vui,1,"Tâm trạng bạn đang vui và trời nhiều mây – một dịp tốt để ra ngoài thư giãn!"
mưa,không muốn,0,"Bạn không muốn đi và trời mưa, nghỉ ngơi là hợp lý."
gió to,muốn,0,"Bạn muốn đi nhưng thời tiết gió to không thuận lợi, nên ở nhà nghỉ ngơi."
nắng,buồn,0,"Bạn đang buồn, thời tiết nắng không lý tưởng – hãy nghỉ ngơi và chăm sóc bản thân."
nhiều mây,không muốn,0,"Bạn không muốn đi và trời nhiều mây, nghỉ ngơi là hợp lý."
nhiều mây,muốn,0,"Bạn muốn đi nhưng thời tiết nhiều mây không thuận lợi, nên ở nhà nghỉ ngơi."
mưa,không muốn,0,"Bạn không muốn đi và trời mưa, nghỉ ngơi là hợp lý."
gió to,muốn,0,"Bạn muốn đi nhưng thời tiết gió to không thuận lợi, nên ở nhà nghỉ ngơi."
nắng,muốn,1,"Thời tiết nắng và bạn muốn đi – hãy tận hưởng!"
mưa,buồn,0,"Bạn đang buồn, thời tiết mưa không lý tưởng – hãy nghỉ ngơi và chăm sóc bản thân."
nhiều mây,vui,1,"Tâm trạng bạn đang vui và trời nhiều mây – một dịp tốt để ra ngoài thư giãn!"
gió to,buồn,0,"Bạn đang buồn, thời tiết gió to không lý tưởng – hãy nghỉ ngơi và chăm sóc bản thân."
nhiều mây,không muốn,0,"Bạn không muốn đi và trời nhiều mây, nghỉ ngơi là hợp lý."
gió to,không muốn,0,"Bạn không muốn đi và trời gió to, nghỉ ngơi là hợp lý."
nắng,vui,1,"Trời nắng và bạn vui vẻ – hãy tận hưởng ngày đẹp trời!"
mưa,không muốn,0,"Bạn không muốn đi và trời mưa, nghỉ ngơi là hợp lý."
mưa,muốn,0,"Bạn muốn đi nhưng thời tiết mưa không thuận lợi, nên ở nhà nghỉ ngơi."
nhiều mây,buồn,0,"Bạn đang buồn, thời tiết nhiều mây không lý tưởng – hãy nghỉ ngơi và chăm sóc bản thân."
gió to,không muốn,0,"Bạn không muốn đi và trời gió to, nghỉ ngơi là hợp lý."
nhiều mây,muốn,0,"Bạn muốn đi nhưng thời tiết nhiều mây không thuận lợi, nên ở nhà nghỉ ngơi."
nhiều mây,không muốn,0,"Bạn không muốn đi và trời nhiều mây, nghỉ ngơi là hợp lý."
gió to,vui,0,"Dù bạn đang vui, nhưng trời gió to không thuận lợi để đi ra ngoài."
mưa,vui,0,"Dù bạn đang vui, nhưng trời mưa không thuận lợi để đi ra ngoài."
nắng,muốn,1,"Thời tiết nắng và bạn muốn đi – hãy tận hưởng!"
nhiều mây,rất muốn,0,"Dù bạn rất muốn đi, nhưng trời nhiều mây không phù hợp – nên cân nhắc."
nắng,buồn,0,"Bạn đang buồn, thời tiết nắng không lý tưởng – hãy nghỉ ngơi và chăm sóc bản thân."
gió to,muốn,0,"Bạn muốn đi nhưng thời tiết gió to không thuận lợi, nên ở nhà nghỉ ngơi."
nhiều mây,không muốn,0,"Bạn không muốn đi và trời nhiều mây, nghỉ ngơi là hợp lý."
nhiều mây,muốn,0,"Bạn muốn đi nhưng thời tiết nhiều mây không thuận lợi, nên ở nhà nghỉ ngơi."
gió to,vui,0,"Dù bạn đang vui, nhưng trời gió to không thuận lợi để đi ra ngoài."
nắng,rất muốn,1,"Trời nắng và bạn rất muốn đi – thật lý tưởng!"
gió to,không muốn,0,"Bạn không muốn đi và trời gió to, nghỉ ngơi là hợp lý."
gió to,buồn,0,"Bạn đang buồn, thời tiết gió to không lý tưởng – hãy nghỉ ngơi và chăm sóc bản thân."
nắng,vui,1,"Trời nắng và bạn vui vẻ – hãy tận hưởng ngày đẹp trời!"
nhiều mây,muốn,0,"Bạn muốn đi nhưng thời tiết nhiều mây không thuận lợi, nên ở nhà nghỉ ngơi."
nhiều mây,vui,1,"Tâm trạng bạn đang vui và trời nhiều mây – một dịp tốt để ra ngoài thư giãn!"
nhiều mây,buồn,0,"Bạn đang buồn, thời tiết nhiều mây không lý tưởng – hãy nghỉ ngơi và chăm sóc bản thân."
gió to,vui,0,"Dù bạn đang vui, nhưng trời gió to không thuận lợi để đi ra ngoài."
gió to,buồn,0,"Bạn đang buồn, thời tiết gió to không lý tưởng – hãy nghỉ ngơi và chăm sóc bản thân."
mưa,vui,0,"Dù bạn đang vui, nhưng trời mưa không thuận lợi để đi ra ngoài."
nắng,chán,0,"Bạn đang chán, thời tiết nắng không lý tưởng – hãy nghỉ ngơi và chăm sóc bản thân."
gió to,không muốn,0,"Bạn không muốn đi và trời gió to, nghỉ ngơi là hợp lý."
nhiều mây,không muốn,0,"Bạn không muốn đi và trời nhiều mây, nghỉ ngơi là hợp lý."
mưa,không muốn,0,"Bạn không muốn đi và trời mưa, nghỉ ngơi là hợp lý."
gió to,buồn,0,"Bạn đang buồn, thời tiết gió to không lý tưởng – hãy nghỉ ngơi và chăm sóc bản thân."
gió to,muốn,0,"Bạn muốn đi nhưng thời tiết gió to không thuận lợi, nên ở nhà nghỉ ngơi."
mưa,vui,0,"Dù bạn đang vui, nhưng trời mưa không thuận lợi để đi ra ngoài."
nắng,buồn,0,"Bạn đang buồn, thời tiết nắng không lý tưởng – hãy nghỉ ngơi và chăm sóc bản thân."
mưa,muốn,0,"Bạn muốn đi nhưng thời tiết mưa không thuận lợi, nên ở nhà nghỉ ngơi."
mưa,không muốn,0,"Bạn không muốn đi và trời mưa, nghỉ ngơi là hợp lý."
gió to,không muốn,0,"Bạn không muốn đi và trời gió to, nghỉ ngơi là hợp lý."
nhiều mây,muốn,0,"Bạn muốn đi nhưng thời tiết nhiều mây không thuận lợi, nên ở nhà nghỉ ngơi."
mưa,không muốn,0,"Bạn không muốn đi và trời mưa, nghỉ ngơi là hợp lý."
gió to,buồn,0,"Bạn đang buồn, thời tiết gió to không lý tưởng – hãy nghỉ ngơi và chăm sóc bản thân."
nhiều mây,buồn,0,"Bạn đang buồn, thời tiết nhiều mây không lý tưởng – hãy nghỉ ngơi và chăm sóc bản thân."
nắng,muốn,1,"Thời tiết nắng và bạn muốn đi – hãy tận hưởng!"
nắng,mệt,0,"Bạn đang mệt và trời nắng, nên nghỉ ngơi để hồi phục sức khỏe."
mưa,mệt,0,"Bạn đang mệt và trời mưa – ở nhà nghỉ ngơi là lựa chọn tốt nhất."
gió to,mệt,0,"Thời tiết gió to và bạn đang mệt, hãy ở nhà và chăm sóc bản thân."
nhiều mây,mệt,0,"Bạn đang mệt và trời nhiều mây, không nên ra ngoài lúc này."
nắng,mệt,0,"Trời nắng nhưng bạn mệt – nên nghỉ ngơi thay vì ra ngoài."
mưa,mệt,0,"Thời tiết mưa và bạn đang mệt – hãy ở nhà và thư giãn."
gió to,mệt,0,"Bạn mệt và thời tiết xấu, nên nghỉ ngơi trong nhà."
nhiều mây,mệt,0,"Bạn đang mệt, thời tiết không đẹp – không nên đi đâu cả."
nắng,mệt,0,"Bạn cảm thấy mệt dù trời đẹp – hãy dành thời gian nghỉ ngơi."
mưa,mệt,0,"Bạn mệt và trời đang mưa – lý do tốt để ở nhà."
gió to,mệt,0,"Gió mạnh và bạn không khỏe – nghỉ ngơi là ưu tiên."
nhiều mây,mệt,0,"Bạn mệt và trời âm u – nên ở nhà hồi phục năng lượng."
nắng,mệt,0,"Trời nắng cũng không đủ lý do để ra ngoài khi bạn đang mệt."
mưa,mệt,0,"Bạn mệt và mưa to – không phải lúc để đi chơi."
gió to,mệt,0,"Gió quá lớn và bạn mệt – nên nằm nghỉ để lấy lại sức."
nhiều mây,mệt,0,"Bạn đang mệt, thời tiết không lý tưởng – nên nghỉ."
nắng,mệt,0,"Dù trời nắng nhưng bạn mệt – hãy ưu tiên sức khỏe."
mưa,mệt,0,"Thời tiết xấu và bạn mệt – nghỉ ngơi là hợp lý."
gió to,mệt,0,"Bạn đang mệt, ra ngoài trong thời tiết này không hợp lý."
nhiều mây,mệt,0,"Trời nhiều mây và bạn mệt – tốt nhất là nên thư giãn ở nhà."
trời sấm,mệt,0,"Bạn đang mệt và trời sấm, tốt nhất nên ở nhà nghỉ ngơi."
bão,mệt,0,"Thời tiết đang có bão, bạn lại mệt – không nên ra ngoài."
trời sấm,mệt,0,"Khi cơ thể mệt mỏi và trời sấm sét, hãy tránh xa các hoạt động ngoài trời."
bão,mệt,0,"Bạn đang mệt và ngoài trời có bão – nên ở nơi an toàn và nghỉ ngơi."
trời sấm,mệt,0,"Trời sấm khiến tâm trạng nặng nề hơn, bạn nên nghỉ ngơi để hồi phục."
bão,mệt,0,"Kết hợp giữa bão và mệt mỏi là lý do chính đáng để không ra ngoài hôm nay."
trời sấm,mệt,0,"Bạn mệt và trời có sấm – hãy để cơ thể bạn được thư giãn."
bão,mệt,0,"Mệt mỏi và thời tiết nguy hiểm – tuyệt đối không nên đi đâu cả."
trời sấm,mệt,0,"Dù có việc quan trọng, nhưng khi mệt và trời sấm – hãy ưu tiên sức khỏe."
bão,mệt,0,"Bão lớn đang đến và bạn không khỏe – ở nhà là lựa chọn sáng suốt."
trời sấm,không muốn,0,"Bạn không muốn và trời sấm, hãy cứ ở nhà nghỉ ngơi."
bão,không muốn,0,"Với tâm trạng không muốn và bão ngoài trời, ở nhà là tốt nhất."
trời sấm,muốn,0,"Dù bạn muốn nhưng trời sấm không an toàn để ra ngoài."
bão,muốn,0,"Bạn có động lực, nhưng bão to không nên mạo hiểm."
trời sấm,vui,0,"Bạn vui nhưng thời tiết sấm sét không phù hợp để ra ngoài."
bão,vui,0,"Vui vẻ là chưa đủ, bão vẫn là lý do nên ở trong nhà."
trời sấm,buồn,0,"Trời sấm càng khiến nỗi buồn nặng hơn – hãy ở nhà và thư giãn."
bão,buồn,0,"Bạn đang buồn và ngoài trời có bão – hãy tự chăm sóc bản thân ở nhà."
trời sấm,chán,0,"Bạn chán và trời sấm, nên thử đọc sách hay xem phim ở nhà."
bão,chán,0,"Bão không phải lúc thích hợp để ra ngoài dù bạn đang chán."
trời sấm,không muốn,0,"Thời tiết xấu và bạn không muốn – ở nhà là đúng rồi."
bão,không muốn,0,"Không muốn đi và có bão – nghỉ ngơi thôi."
trời sấm,muốn,0,"Bạn muốn nhưng thời tiết đang sấm, đừng mạo hiểm."
bão,muốn,0,"Dù có động lực, nhưng bão vẫn là rủi ro cần tránh."
trời sấm,vui,0,"Bạn hứng khởi, nhưng hãy đợi trời quang rồi hãy ra ngoài."
bão,vui,0,"Cười nhiều chưa chắc an toàn khi ngoài trời đang có bão."
trời sấm,buồn,0,"Buồn và trời sấm sẽ làm tâm trạng nặng thêm – nên nghỉ."
bão,buồn,0,"Tâm trạng không tốt, thêm bão – nên ở nhà, tránh căng thẳng."
trời sấm,chán,0,"Bạn thấy chán nhưng thời tiết không cho phép hoạt động ngoài trời."
bão,chán,0,"Bão là cơ hội lý tưởng để bạn thư giãn ở nhà khi đang chán."
trời sấm,không muốn,0,"Bạn không hề có động lực và thời tiết cũng đang xấu – đừng ép mình."
bão,không muốn,0,"Kết hợp giữa tâm trạng và thời tiết – lý do chính đáng để ở nhà."
trời sấm,muốn,0,"Bạn muốn làm gì đó, nhưng trời sấm – hoãn lại một chút nhé."
bão,muốn,0,"Bạn có động lực, nhưng bão có thể gây nguy hiểm – hãy cân nhắc."
trời sấm,vui,0,"Thời tiết không hợp với tinh thần tích cực hôm nay – hãy chờ trời quang."
bão,vui,0,"Bão làm giảm hứng thú – đợi một ngày đẹp hơn."
trời sấm,buồn,0,"Buồn gặp trời sấm – nên dành thời gian tĩnh lặng ở nhà."
bão,buồn,0,"Ngoài trời là bão, trong lòng bạn cũng mưa – hãy để bản thân nghỉ ngơi."
trời sấm,chán,0,"Bạn đang không có hứng thú gì, lại trời sấm – nằm chill một chút đi."
bão,chán,0,"Không có động lực và bão ngoài kia – ở nhà hợp lý."
trời sấm,không muốn,0,"Thời tiết và tâm trạng đều nói 'Không' – vậy hãy lắng nghe chúng."
bão,không muốn,0,"Ở nhà là lựa chọn tốt nhất hôm nay."
trời sấm,muốn,0,"Bạn muốn thử gì đó, nhưng hôm nay chưa phải lúc."
bão,muốn,0,"Dù có kế hoạch, nhưng bão khiến việc ra ngoài không khả thi."
trời sấm,vui,0,"Hãy giữ niềm vui trong nhà – ngoài kia sấm đang nổi."
bão,vui,0,"Đừng để bão phá hỏng tâm trạng bạn – tận hưởng trong nhà nhé!"
trời sấm,buồn,0,"Bạn cần không gian yên tĩnh, mà trời sấm thì chỉ khiến tâm trạng thêm nặng."
bão,buồn,0,"Bão sẽ qua đi, cảm xúc bạn cũng vậy – hãy nghỉ ngơi."
trời sấm,chán,0,"Bạn chán và trời cũng chẳng chiều lòng người – đừng ép bản thân."
bão,chán,0,"Chán nản + bão tố = Netflix and chill."
trời sấm,không muốn,0,"Không muốn + thời tiết xấu – nghỉ cho khỏe."
bão,không muốn,0,"Tâm trạng như bão – nên giữ an toàn trong nhà."
trời sấm,muốn,0,"Bạn có động lực, nhưng hãy ưu tiên an toàn."
bão,muốn,0,"Ý chí có đó, nhưng trời không thuận – đợi dịp khác."
trời sấm,vui,0,"Bạn hứng khởi – nhưng đừng để sấm sét làm gián đoạn an toàn."
bão,vui,0,"Cười vẫn được – nhưng tốt nhất là ở trong nhà lúc này."
trời sấm,buồn,0,"Bạn đang cần không gian tĩnh – trời sấm là cơ hội nghỉ ngơi."
bão,buồn,0,"Tâm trạng buồn và trời cũng không vui – hãy nhẹ nhàng với bản thân."
trời sấm,chán,0,"Bạn chán nản và trời cũng chẳng khá hơn – hãy chăm sóc bản thân."
bão,chán,0,"Bão là lý do hoàn hảo để bạn cho mình một ngày lười biến."
nắng,chán,1,"Dù chán nhưng ánh nắng có thể cải thiện tâm trạng – nên thử ra ngoài."
mưa,chán,0,"Trời mưa cộng với sự chán nản – không nên đi đâu cả."
âm u,chán,0,"Không khí u ám làm bạn càng thêm chán – hãy thư giãn trong nhà."
gió to,chán,0,"Gió mạnh khiến tâm trạng thêm xáo trộn – hãy chọn nghỉ ngơi."
đẹp,rất muốn,1,"Ngày đẹp trời, mọi thứ đều dễ dàng đạt được – bạn thật sự muốn tận hưởng."
đẹp,không muốn,0,"Trời đẹp nhưng tâm trạng lại không như mong đợi – không muốn làm gì cả."
đẹp,muốn,1,"Với thời tiết đẹp như thế này, mọi thứ dường như trở nên dễ dàng hơn."
đẹp,thèm,1,"Mong muốn được tận hưởng ngày đẹp trời này, đi dạo hay làm gì đó thú vị."
đẹp,mong muốn,1,"Trời đẹp, mọi thứ đều khả thi – chỉ muốn làm điều mình thích."
đẹp,vui,1,"Thời tiết này thật sự làm bạn vui vẻ, mọi thứ trở nên tươi sáng hơn."
đẹp,buồn,0,"Ngày đẹp nhưng bạn lại cảm thấy lạc lõng và buồn bã."
đẹp,hứng thú,1,"Cảm giác thích thú khi nhìn ra ngoài – một ngày tuyệt vời để thử nghiệm điều gì đó mới."
đẹp,mệt,0,"Dù trời đẹp, nhưng bạn cảm thấy mệt mỏi và chỉ muốn nghỉ ngơi."
đẹp,khó chịu,0,"Trời đẹp nhưng bạn cảm thấy mọi thứ đều không thoải mái – khó chịu quá."
đẹp,chán,0,"Ngày đẹp, nhưng cảm giác chán nản vẫn không thể thay đổi."
lạnh,rất muốn,0,"Không khí lạnh làm tôi muốn tìm một nơi ấm áp để nghỉ ngơi."
lạnh,không muốn,1,"Trời lạnh thế này, tôi không muốn ra ngoài chút nào."
lạnh,muốn,0,"Cảm giác lạnh làm tôi muốn tìm một cốc cà phê nóng."
lạnh,thèm,0,"Tôi thèm cảm giác ấm áp của một chiếc chăn mềm mại lúc này."
lạnh,mong muốn,1,"Mong sao có một ngôi nhà ấm áp để tránh cơn lạnh này."
lạnh,vui,0,"Không khí lạnh làm tôi thấy dễ chịu và thư giãn hơn."
lạnh,buồn,1,"Ngày lạnh như này khiến tâm trạng tôi thêm buồn bã."
lạnh,hứng thú,1,"Lạnh quá, nhưng tôi vẫn muốn đi khám phá những nơi mới!"
lạnh,mệt,1,"Tôi cảm thấy mệt mỏi hơn trong cái lạnh này, muốn nghỉ ngơi."
lạnh,khó chịu,0,"Cái lạnh làm tôi cảm thấy khó chịu, tôi cần một nơi ấm áp."
lạnh,chán,1,"Trời lạnh khiến tôi cảm thấy không có động lực làm gì cả."
mưa phùn,rất muốn,0,"Tiếng mưa phùn nhẹ làm tôi rất muốn ở nhà thư giãn."
mưa phùn,không muốn,1,"Mưa phùn như vậy, tôi không muốn bước ra ngoài chút nào."
mưa phùn,muốn,0,"Mưa phùn làm tôi muốn đi dạo trong một chiếc ô."
mưa phùn,thèm,1,"Tôi thèm một buổi sáng ấm áp, không phải mưa phùn thế này."
mưa phùn,mong muốn,0,"Mong sao trời ngừng mưa để tôi có thể đi đâu đó."
mưa phùn,vui,1,"Mưa phùn mang đến không khí ẩm ướt nhưng cũng rất thư giãn."
mưa phùn,buồn,0,"Mưa phùn khiến tâm trạng tôi thêm u buồn."
mưa phùn,hứng thú,0,"Mưa phùn không thể ngăn cản tôi khám phá những địa điểm mới."
mưa phùn,mệt,1,"Mưa và cái lạnh làm tôi cảm thấy mệt mỏi."
mưa phùn,khó chịu,1,"Mưa phùn khiến tôi cảm thấy rất khó chịu và không muốn làm gì."
mưa phùn,chán,0,"Ngày mưa phùn khiến tôi cảm thấy chán nản và thiếu năng lượng."
mưa rào,rất muốn,1,"Tiếng mưa rào mạnh mẽ làm tôi rất muốn ngủ một giấc dài."
mưa rào,không muốn,0,"Mưa rào khiến tôi không muốn ra ngoài, muốn ở trong nhà."
mưa rào,muốn,1,"Mưa rào lớn làm tôi muốn ngồi bên cửa sổ nghe nhạc."
mưa rào,thèm,1,"Tôi thèm có một buổi tối ấm cúng bên gia đình trong khi trời mưa rào."
mưa rào,mong muốn,0,"Mong sao mưa rào nhanh chóng qua đi để tôi có thể đi ra ngoài."
mưa rào,vui,1,"Cảm giác vui khi nghe tiếng mưa rào rơi, như một bản nhạc thư giãn."
mưa rào,buồn,0,"Mưa rào tạo nên không khí u ám, làm tôi thêm buồn bã."
mưa rào,hứng thú,1,"Dù trời mưa rào, tôi vẫn muốn khám phá không gian xung quanh."
mưa rào,mệt,1,"Mưa rào khiến tôi cảm thấy mệt mỏi và chỉ muốn nghỉ ngơi."
mưa rào,khó chịu,0,"Mưa rào lớn làm tôi cảm thấy khó chịu, không thể ra ngoài."
mưa rào,chán,1,"Trời mưa rào, tôi cảm thấy chán và không có tâm trạng làm gì."
nắng gắt,rất muốn,0,"Nắng gắt khiến tôi chỉ muốn tìm nơi có bóng mát để nghỉ ngơi."
nắng gắt,không muốn,1,"Nắng quá gay gắt, tôi không muốn ra ngoài chút nào."
nắng gắt,muốn,1,"Cảm giác nắng gắt làm tôi muốn ra ngoài để tận hưởng không khí."
nắng gắt,thèm,0,"Tôi thèm một buổi sáng mát mẻ, không phải cái nắng này."
nắng gắt,mong muốn,1,"Mong sao có một làn gió mát thổi qua để xua đi cái nóng này."
nắng gắt,vui,1,"Dù nắng gắt, tôi vẫn cảm thấy vui khi được ra ngoài tận hưởng ánh sáng mặt trời."
nắng gắt,buồn,0,"Cái nắng gắt làm tôi cảm thấy bức bối và khó chịu."
nắng gắt,hứng thú,0,"Nắng quá, tôi không cảm thấy hứng thú gì với việc đi ra ngoài."
nắng gắt,mệt,1,"Nắng gắt làm tôi cảm thấy mệt mỏi, tôi chỉ muốn nghỉ ngơi trong bóng mát."
nắng gắt,khó chịu,1,"Cái nắng gắt này làm tôi khó chịu, chỉ muốn tránh xa."
nắng gắt,chán,1,"Nắng gay gắt khiến tôi cảm thấy chán nản và thiếu sức sống."
sương mù,rất muốn,0,"Sương mù dày đặc khiến tôi chỉ muốn ở trong nhà, tránh xa sự mờ mịt này."
sương mù,không muốn,1,"Sương mù làm tôi không muốn ra ngoài, mọi thứ đều trở nên mờ ảo."
sương mù,muốn,0,"Sương mù khiến tôi chỉ muốn tìm một nơi kín đáo để tránh cái không khí này."
sương mù,thèm,1,"Tôi thèm một ngày nắng, không phải sương mù mù mịt thế này."
sương mù,mong muốn,1,"Mong sao sương mù tan đi, để tôi có thể nhìn thấy mọi thứ rõ ràng."
sương mù,vui,0,"Sương mù khiến tôi không cảm thấy vui vẻ, chỉ muốn được ra ngoài."
sương mù,buồn,1,"Sương mù dày đặc như bao phủ lên tâm trạng của tôi, khiến tôi buồn hơn."
sương mù,hứng thú,0,"Không khí sương mù làm tôi mất đi sự hứng thú, tôi chỉ muốn ở yên trong nhà."
sương mù,mệt,1,"Sương mù làm tôi cảm thấy mệt mỏi, không muốn làm gì cả."
sương mù,khó chịu,1,"Sương mù khiến tôi cảm thấy khó chịu, mọi thứ xung quanh đều mờ nhạt."
sương mù,chán,0,"Cái sương mù dày đặc làm tôi cảm thấy chán nản và không muốn làm gì."
nắng nhẹ,rất muốn,1,"Cảm giác nắng nhẹ khiến tôi rất muốn ra ngoài và tận hưởng không khí trong lành."
nắng nhẹ,không muốn,0,"Dù trời nắng nhẹ, nhưng tôi vẫn không muốn ra ngoài hôm nay."
nắng nhẹ,muốn,1,"Trời nắng nhẹ, tôi muốn đi dạo và tận hưởng ánh sáng mặt trời."
nắng nhẹ,thèm,0,"Tôi thèm một ngày mát mẻ hơn, không phải nắng nhẹ thế này."
nắng nhẹ,mong muốn,1,"Mong sao nắng nhẹ này sẽ kéo dài, tôi cảm thấy thật thư giãn."
nắng nhẹ,vui,1,"Cảm giác nắng nhẹ làm tôi cảm thấy vui vẻ và dễ chịu."
nắng nhẹ,buồn,0,"Nắng nhẹ không làm tôi cảm thấy vui hơn, tôi vẫn thấy buồn."
nắng nhẹ,hứng thú,1,"Trời nắng nhẹ, tôi cảm thấy hứng thú và muốn ra ngoài khám phá."
nắng nhẹ,mệt,1,"Mặc dù trời nắng nhẹ, nhưng tôi vẫn cảm thấy mệt mỏi và muốn nghỉ ngơi."
nắng nhẹ,khó chịu,0,"Nắng nhẹ không làm tôi cảm thấy khó chịu, nhưng tôi không muốn ra ngoài."
nắng nhẹ,chán,1,"Nắng nhẹ làm tôi cảm thấy dễ chịu nhưng cũng không đủ để xua đi sự chán nản."
trời ẩm ướt,rất muốn,1,"Môi trường ẩm ướt khiến bạn tràn đầy năng lượng và muốn thực hiện những dự án sáng tạo."
trời ẩm ướt,không muốn,0,"Không khí ẩm ướt làm bạn cảm thấy không thoải mái, không muốn ra ngoài."
trời ẩm ướt,muốn,1,"Bạn muốn ra ngoài tận hưởng cảm giác mát mẻ trong không khí ẩm ướt."
trời ẩm ướt,thèm,0,"Trời ẩm ướt khiến bạn chỉ muốn ở trong nhà, thèm một tách trà nóng."
trời ẩm ướt,mong muốn,1,"Thời tiết ẩm ướt thúc đẩy bạn mong muốn làm việc gì đó sáng tạo."
trời ẩm ướt,vui,1,"Không khí ẩm ướt khiến bạn cảm thấy vui vẻ và dễ chịu."
trời ẩm ướt,buồn,0,"Trời ẩm ướt khiến tâm trạng của bạn trở nên u sầu, không vui."
trời ẩm ướt,hứng thú,1,"Không khí ẩm ướt tạo cảm giác hứng thú và khiến bạn khám phá những điều mới mẻ."
trời ẩm ướt,mệt,0,"Thời tiết ẩm ướt làm bạn cảm thấy mệt mỏi và thiếu năng lượng."
trời ẩm ướt,khó chịu,0,"Không khí ẩm ướt khiến bạn cảm thấy khó chịu, thở không dễ dàng."
trời ẩm ướt,chán,0,"Trời ẩm ướt làm bạn cảm thấy chán nản, thiếu sức sống."
nắng,kiệt sức,0,"Trời nắng khiến bạn cảm thấy kiệt sức, không muốn làm gì."
nắng,đầy năng lượng,1,"Trời nắng khiến bạn tràn đầy năng lượng và muốn hoạt động cả ngày."
mưa,kiệt sức,1,"Trời mưa khiến bạn cảm thấy kiệt sức và chỉ muốn nằm nghỉ."
mưa,đầy năng lượng,0,"Trời mưa khiến bạn cảm thấy thiếu năng lượng, không muốn làm gì."
gió to,kiệt sức,1,"Trời gió to khiến bạn cảm thấy kiệt sức vì phải đối mặt với sức gió mạnh."
gió to,đầy năng lượng,0,"Trời gió to khiến bạn cảm thấy khó chịu và thiếu năng lượng."
trời sấm,kiệt sức,1,"Trời sấm khiến bạn cảm thấy kiệt sức, muốn tránh xa mọi thứ."
trời sấm,đầy năng lượng,0,"Trời sấm làm bạn không có đủ năng lượng để làm gì."
bão,kiệt sức,1,"Trời bão khiến bạn cảm thấy kiệt sức, không muốn đối phó với bất cứ điều gì."
bão,đầy năng lượng,0,"Trời bão khiến bạn thiếu năng lượng và chỉ muốn trú ẩn."
mưa phùn,kiệt sức,1,"Trời mưa phùn khiến bạn cảm thấy kiệt sức, muốn ở yên một chỗ."
mưa phùn,đầy năng lượng,0,"Trời mưa phùn khiến bạn không có năng lượng làm việc gì."
